1,../images/templates/web/Ben - Creative Portfolio.jpg,1
2,../images/templates/web/Beoreo Multi-Purpose Business.jpg,2
3,../images/templates/web/Big Stream - One Page Multi - Purpose Template.jpg,3
4,../images/templates/web/Bone - The Creative Agency.jpg,4
5,../images/templates/web/Booster - Responsive Creative Business Email.jpg,5
6,../images/templates/web/Clymene - Creative Multipurpose HTML Template + WP.jpg,6
7,../images/templates/web/Crispy - One & Multi Page HTML.jpg,7
8,../images/templates/web/Deliver Restaurant - Food & Restaurant Template.jpg,8
9,../images/templates/web/Delux Hotel - Responsive Bootstrap 4.jpg,9
10,../images/templates/web/EatLand - eCommerce and Delivery.jpg,10
11,../images/templates/web/Eight - Creative Portfolio HTML5 Template.jpg,11
12,../images/templates/web/Emailo - Responsive Emailand Newsletter Template.jpg,12
13,../images/templates/web/Engage - Creative Multipurpose HTML Theme.jpg,13
14,../images/templates/web/Enthum - Business Agency & Portfolio.jpg,14
15,../images/templates/web/Ever - Multipurpose HTML.jpg,15
16,../images/templates/web/Galliope - Agency - Portfolio HTML Template.jpg,16
17,../images/templates/web/Grafika - Photography & Blog HTML Template.jpg,17
18,../images/templates/web/Grand Way - Fully Responsive HTML5 - CSS3.jpg,18
19,../images/templates/web/Insomnia - Powerful HTML5 - CSS3.jpg,19
20,../images/templates/web/IQON - Fresh Coming Soon.jpg,20
21,../images/templates/web/Jane - Responsive HTML5 Portfolio.jpg,21
22,../images/templates/web/Jaynix - Responsive Corporate Portfolio Email.jpg,22
23,../images/templates/web/Jestem - Elegant & Minimal Resume vCard Template.jpg,23
24,../images/templates/web/KUBRICK - Attractive Coming Soon.jpg,24
25,../images/templates/web/MAGiC - Universal Coming Soon.jpg,25
26,../images/templates/web/MALIN - Perfect Coming Soon.jpg,26
27,../images/templates/web/Max Shop - Ecommerce HTML Template.jpg,27
28,../images/templates/web/Moka - Responsive Emailand Newsletter Template.jpg,28
29,../images/templates/web/Mr Resume - One Page Resume Personal.jpg,29
30,../images/templates/web/Odiss - Travel Booking Landing Page.jpg,30
31,../images/templates/web/OOPS - Perfect 404 Pages Pack.jpg,31
32,../images/templates/web/OPAL - Exclusive Coming Soon Template.jpg,32
33,../images/templates/web/Organ - Creative Multipurpose.jpg,33
34,../images/templates/web/Panorama - Responsive Business Email + Builder.jpg,34
35,../images/templates/web/Paradise Cakes - Sweet eCommerce.jpg,35
36,../images/templates/web/Pioneer - Multi-Purpose HTML 5.jpg,36
37,../images/templates/web/Play - Responsive APP Email Template.jpg,37
38,../images/templates/web/Primary - Flexible Business HTML5 - CSS3.jpg,38
39,"../images/templates/web/Pulse - Music, Audio, Radio Template.jpg",39
40,../images/templates/web/RAW - Pure Coming Soon.jpg,40
41,../images/templates/web/Recruiter - Responsive Recruitment Email + Builder.jpg,41
42,../images/templates/web/Rigo - Responsive Emailand Newsletter Template.jpg,42
43,../images/templates/web/RIVAL Creative One Page Template.jpg,43
44,../images/templates/web/Sartre - Creative Multipurpose HTML Template.jpg,44
45,../images/templates/web/Sentinel - Responsive Email + Stamp Ready Builder.jpg,45
46,../images/templates/web/Shopick - eCommerce Responsive Bootstrap Template.jpg,46
47,../images/templates/web/Stellar - One Page Multipurpose HTML Template.jpg,47
48,../images/templates/web/Sudzuki - Business HTML5 - CSS3.jpg,48
49,../images/templates/web/Sweet Pick - Modern Ecommerce HTML Template.jpg,49
50,../images/templates/web/Sylk - Photography Portfolio.jpg,50
51,../images/templates/web/Tera - Modern Responsive HTML.jpg,51
52,../images/templates/web/Titan - Creative Multi-purpose HTML.jpg,52
53,../images/templates/web/Unicore - Mobirise Builder with 20 HTML Pages.jpg,53
54,../images/templates/web/Vinero - Very Clean and Minimal Portfolio Template.jpg,54
55,../images/templates/web/VSApp - Ultimate App Landing Page.jpg,55
56,../images/templates/web/WAVE - Sliding Coming Soon.jpg,56
57,../images/templates/web/Xenia - Refined HTML5 - CSS3.jpg,57
58,../images/templates/presentation/Agio Keynote Presentation.jpg,58
59,../images/templates/presentation/Arezzo PowerPoint Presentation.jpg,59
60,../images/templates/presentation/ATULAH - Keynote Presentation Template.jpg,60
61,../images/templates/presentation/ATULAH - Powerpoint Presentation Template.jpg,61
62,../images/templates/presentation/Be. Powerpoint Template.jpg,62
63,../images/templates/presentation/Blitz Powerpoint Template.jpg,63
64,../images/templates/presentation/Business Plan PowerPoint Presentation Template.jpg,64
65,../images/templates/presentation/Buxe Creative & Multipurpose Template.jpg,65
66,../images/templates/presentation/CLEAN - Powerpoint Presentation Template.jpg,66
67,../images/templates/presentation/Commence Business Presentation.jpg,67
68,../images/templates/presentation/Construction Powerpoint Template.jpg,68
69,../images/templates/presentation/Eco Business Presentation Template.jpg,69
70,../images/templates/presentation/Endless Blue PowerPoint Template.jpg,70
71,../images/templates/presentation/Enhancement PowerPoint Template.jpg,71
72,../images/templates/presentation/Enjoy PowerPoint Template.jpg,72
73,../images/templates/presentation/Feel the Science Keynote Template.jpg,73
74,../images/templates/presentation/Genius Project Presentation Template.jpg,74
75,../images/templates/presentation/Glasses PowerPoint Template.jpg,75
76,../images/templates/presentation/Glossy PowerPoint Template.jpg,76
77,../images/templates/presentation/Grande Slide Presentation Template.jpg,77
78,../images/templates/presentation/Granite Powerpoint Template.jpg,78
79,../images/templates/presentation/Gravidient Powerpoint Simply Theme.jpg,79
80,../images/templates/presentation/Hero v1 Multipurpose.jpg,80
81,../images/templates/presentation/HEXA - Powerpoint Presentation Template.jpg,81
82,../images/templates/presentation/Iconic Powerpoint Template.jpg,82
83,../images/templates/presentation/Infographic PowerPoint Presentation Template.jpg,83
84,../images/templates/presentation/Madura Powerpoint Template.jpg,84
85,../images/templates/presentation/Magnificent Presentation Template.jpg,85
86,../images/templates/presentation/Marketing Plan Powerpoint Presentation.jpg,86
87,../images/templates/presentation/Markibet - Powerpoint Template.jpg,87
88,../images/templates/presentation/Moda - Fashion & Style Powerpoint Template.jpg,88
89,../images/templates/presentation/Molla Creative Presentation.jpg,89
90,../images/templates/presentation/Mystify Presentation.jpg,90
91,../images/templates/presentation/Nocturnal Tint Keynote Template.jpg,91
92,../images/templates/presentation/Passion Presentation 120+ Slides.jpg,92
93,../images/templates/presentation/Pitch - Keynote Template.jpg,93
94,../images/templates/presentation/Pitch Vol.3 - Professional Keynote Template.jpg,94
95,../images/templates/presentation/Presidential Keynote Template.jpg,95
96,../images/templates/presentation/Real Estate - Construction Business Powerpoint.jpg,96
97,../images/templates/presentation/RETRICO.jpg,97
98,../images/templates/presentation/Rivka Minimal PowerPoint Template.jpg,98
99,../images/templates/presentation/Sella Powerpoint Template.jpg,99
100,../images/templates/presentation/Simphony Presentation Template.jpg,100
101,../images/templates/presentation/SIMPLECO Keynote presentation template.jpg,101
102,../images/templates/presentation/SWOT Business Presentation.jpg,102
103,../images/templates/presentation/Teamwork Power Point Template.jpg,103
104,../images/templates/presentation/Teamwork PowerPoint Template.jpg,104
105,../images/templates/presentation/THEON - Keynote Template.jpg,105
106,../images/templates/presentation/Tormund - Keynote Template.jpg,106
107,../images/templates/presentation/Triping - Travel Keynote Template.jpg,107
108,../images/templates/presentation/Unleash Keynote Template.jpg,108
109,../images/templates/presentation/Vision Project Presentation Template.jpg,109
110,../images/templates/presentation/Watercolor PowerPoint Template.jpg,110
111,../images/templates/presentation/Wellbeing Keynote Template.jpg,111
112,../images/templates/presentation/XNote (VOL.02) - Powerpoint Template.jpg,112
